{"cameraMode":{"drawMode":0,"name":"Shaded","section":"Shading Mode"},"sceneLighting":true,"audioPlay":false,"sceneViewState":{"m_AlwaysRefresh":false,"showFog":true,"showSkybox":true,"showFlares":true,"showImageEffects":true,"showParticleSystems":true,"showVisualEffectGraphs":true,"m_FxEnabled":true},"in2DMode":false,"pivot":{"x":-0.554745614528656,"y":1.0014458894729615,"z":0.25636380910873415},"rotation":{"x":-0.11567069590091706,"y":0.5880451202392578,"z":-0.08545424044132233,"w":-0.7959689497947693},"size":2.117704153060913,"orthographic":false}